YEAR,WARD,AGE_RANGE,FEMALES,MALES,OTHER
1994,1,0-4,1686,1782,
1994,1,5-14,3322,3473,
1994,1,15-19,1797,1826,
1994,1,20-24,2413,2418,
1994,1,25-34,8837,8686,
1994,1,35-44,0,0,
1994,1,45-54,3162,3126,
1994,1,55-64,2061,1990,
1994,1,65-74,2785,1871,
1994,2,0-4,2424,2373,
1994,2,5-14,5151,5654,
1994,2,15-19,2243,2531,
1994,2,20-24,2015,2216,
1994,2,25-34,12401,11880,
1994,2,35-44,0,0,
1994,2,45-54,3783,4065,
1994,2,55-64,2463,2348,
1994,2,65-74,2432,2042,
1994,2,75+,0,0,
1994,3,0-4,2815,2848,
1994,3,5-14,5030,4992,
1994,3,15-19,1732,1862,
1994,3,20-24,1996,2057,
1994,3,25-34,12354,12209,
1994,3,35-44,0,0,
1994,3,45-54,2877,2893,
1994,3,55-64,1647,1591,
1994,3,65-74,1238,1043,
1994,3,75+,0,0,
1994,4,0-4,1416,1492,
1994,4,5-14,2212,2219,
1994,4,15-19,920,942,
1994,4,20-24,1845,1818,
1994,4,25-34,8824,10010,
1994,4,35-44,0,0,
1994,4,45-54,2035,2006,
1994,4,55-64,1986,1632,
1994,4,65-74,4413,2879,
1994,4,75+,0,0,
1994,5,0-4,2586,2654,
1994,5,5-14,5901,6059,
1994,5,15-19,2400,2638,
1994,5,20-24,2188,2194,
1994,5,25-34,12255,11938,
1994,5,35-44,0,0,
1994,5,45-54,3157,3489,
1994,5,55-64,1303,1232,
1994,5,65-74,1265,980,
1994,5,75+,0,0,
1994,6,0-4,1918,1964,
1994,6,5-14,3059,3187,
1994,6,15-19,1212,1185,
1994,6,20-24,1648,1419,
1994,6,25-34,9821,9463,
1994,6,35-44,0,0,
1994,6,45-54,2420,2507,
1994,6,55-64,1880,1545,
1994,6,65-74,3201,2343,
1994,6,75+,0,0,
1994,7,0-4,911,971,
1994,7,5-14,1209,1214,
1994,7,15-19,763,731,
1994,7,20-24,2461,2565,
1994,7,25-34,9028,10716,
1994,7,35-44,0,0,
1994,7,45-54,1981,2249,
1994,7,55-64,1565,1425,
1994,7,65-74,4505,2872,
1994,7,75+,0,0,
1994,8,0-4,771,793,
1994,8,5-14,1013,1014,
1994,8,15-19,674,612,
1994,8,20-24,2843,2470,
1994,8,25-34,9064,11619,
1994,8,35-44,0,0,
1994,8,45-54,1915,2278,
1994,8,55-64,1197,1212,
1994,8,65-74,2634,1671,
1994,8,75+,0,0,
1994,9,0-4,2240,2301,
1994,9,5-14,3711,3856,
1994,9,15-19,1379,1590,
1994,9,20-24,1728,1753,
1994,9,25-34,10368,11383,
1994,9,35-44,0,0,
1994,9,45-54,2370,2642,
1994,9,55-64,1539,1563,
1994,9,65-74,2034,1519,
1994,9,75+,0,0,
1994,10,0-4,2351,2367,
1994,10,5-14,4404,4562,
1994,10,15-19,1848,2092,
1994,10,20-24,2190,2239,
1994,10,25-34,10115,10848,
1994,10,35-44,0,0,
1994,10,45-54,2949,3084,
1994,10,55-64,1625,1621,
1994,10,65-74,1719,1347,
1994,10,75+,0,0,
1994,11,0-4,1501,1431,
1994,11,5-14,2416,2468,
1994,11,15-19,1251,1317,
1994,11,20-24,1924,2002,
1994,11,25-34,7935,8320,
1994,11,35-44,0,0,
1994,11,45-54,2576,2483,
1994,11,55-64,2404,2017,
1994,11,65-74,4469,3086,
1994,11,75+,0,0,
1994,12,0-4,1740,1784,
1994,12,5-14,3797,3896,
1994,12,15-19,1764,1762,
1994,12,20-24,1932,1960,
1994,12,25-34,9681,9595,
1994,12,35-44,0,0,
1994,12,45-54,3550,3540,
1994,12,55-64,2434,2284,
1994,12,65-74,2361,1927,
1994,12,75+,0,0,
1994,13,0-4,1736,1862,
1994,13,5-14,4451,4772,
1994,13,15-19,2086,2301,
1994,13,20-24,1720,1883,
1994,13,25-34,9715,8569,
1994,13,35-44,0,0,
1994,13,45-54,4198,4325,
1994,13,55-64,1823,1882,
1994,13,65-74,1916,1415,
1994,13,75+,0,0,
1994,14,0-4,2341,2492,
1994,14,5-14,5187,5563,
1994,14,15-19,1811,2037,
1994,14,20-24,1226,1248,
1994,14,25-34,10470,9712,
1994,14,35-44,0,0,
1994,14,45-54,3184,3522,
1994,14,55-64,1304,1417,
1994,14,65-74,1113,913,
1994,14,75+,0,0,
1996,1,0-4,1591,1692,
1996,1,5-14,3482,3684,
1996,1,15-19,1881,1932,
1996,1,20-24,2516,2295,
1996,1,25-34,8936,8757,
1996,1,35-44,0,0,
1996,1,45-54,3466,3522,
1996,1,55-64,2133,2017,
1996,1,65-74,3029,2106,
1996,1,75+,0,0,
1996,2,0-4,2424,2405,
1996,2,5-14,5672,6061,
1996,2,15-19,2468,2834,
1996,2,20-24,1987,2269,
1996,2,25-34,12959,12345,
1996,2,35-44,0,0,
1996,2,45-54,4447,4804,
1996,2,55-64,2317,2215,
1996,2,65-74,2375,1986,
1996,2,75+,0,0,
1996,3,0-4,2652,2781,
1996,3,5-14,5276,5250,
1996,3,15-19,1816,1944,
1996,3,20-24,2010,2116,
1996,3,25-34,12819,12741,
1996,3,35-44,0,0,
1996,3,45-54,3318,3229,
1996,3,55-64,1813,1725,
1996,3,65-74,1512,1268,
1996,3,75+,0,0,
1996,4,0-4,1347,1445,
1996,4,5-14,2278,2310,
1996,4,15-19,939,958,
1996,4,20-24,1697,1789,
1996,4,25-34,8952,9898,
1996,4,35-44,0,0,
1996,4,45-54,2106,2215,
1996,4,55-64,1835,1487,
1996,4,65-74,4487,2948,
1996,4,75+,0,0,
1996,5,0-4,2480,2666,
1996,5,5-14,5786,6042,
1996,5,15-19,2702,2906,
1996,5,20-24,2292,2385,
1996,5,25-34,12282,11882,
1996,5,35-44,0,0,
1996,5,45-54,3765,4047,
1996,5,55-64,1437,1442,
1996,5,65-74,1459,1174,
1996,5,75+,0,0,
1996,6,0-4,1875,1946,
1996,6,5-14,3420,3520,
1996,6,15-19,1316,1368,
1996,6,20-24,1600,1491,
1996,6,25-34,10389,9852,
1996,6,35-44,0,0,
1996,6,45-54,2950,2969,
1996,6,55-64,1916,1636,
1996,6,65-74,3571,2532,
1996,6,75+,0,0,
1996,7,0-4,984,1082,
1996,7,5-14,1504,1593,
1996,7,15-19,937,914,
1996,7,20-24,2686,2840,
1996,7,25-34,9682,11268,
1996,7,35-44,0,0,
1996,7,45-54,2497,2855,
1996,7,55-64,1684,1656,
1996,7,65-74,5089,3364,
1996,7,75+,0,0,
1996,8,0-4,698,692,
1996,8,5-14,1013,1039,
1996,8,15-19,1130,803,
1996,8,20-24,2949,2559,
1996,8,25-34,9180,11767,
1996,8,35-44,0,0,
1996,8,45-54,2149,2483,
1996,8,55-64,1188,1229,
1996,8,65-74,2665,1718,
1996,8,75+,0,0,
1996,9,0-4,2154,2362,
1996,9,5-14,3767,4031,
1996,9,15-19,1424,1591,
1996,9,20-24,1594,1671,
1996,9,25-34,10401,11444,
1996,9,35-44,0,0,
1996,9,45-54,2669,2861,
1996,9,55-64,1656,1618,
1996,9,65-74,2112,1687,
1996,9,75+,0,0,
1996,10,0-4,2300,2219,
1996,10,5-14,4312,4392,
1996,10,15-19,1886,2049,
1996,10,20-24,2167,2280,
1996,10,25-34,9856,10730,
1996,10,35-44,0,0,
1996,10,45-54,3248,3368,
1996,10,55-64,1774,1780,
1996,10,65-74,1848,1418,
1996,10,75+,0,0,
1996,11,0-4,1425,1383,
1996,11,5-14,2672,2678,
1996,11,15-19,1196,1017,
1996,11,20-24,1909,2011,
1996,11,25-34,8051,8055,
1996,11,35-44,0,0,
1996,11,45-54,2693,2607,
1996,11,55-64,2233,1865,
1996,11,65-74,4742,3229,
1996,11,75+,0,0,
1996,12,0-4,1723,1706,
1996,12,5-14,3889,3977,
1996,12,15-19,1737,1881,
1996,12,20-24,1694,1789,
1996,12,25-34,9976,9822,
1996,12,35-44,0,0,
1996,12,45-54,3818,3857,
1996,12,55-64,2532,2354,
1996,12,65-74,2805,2142,
1996,12,75+,0,0,
1996,13,0-4,1537,1700,
1996,13,5-14,4401,4768,
1996,13,15-19,2127,2333,
1996,13,20-24,1611,1794,
1996,13,25-34,9307,8232,
1996,13,35-44,0,0,
1996,13,45-54,4594,4600,
1996,13,55-64,2019,2129,
1996,13,65-74,2197,1653,
1996,13,75+,0,0,
1996,14,0-4,2296,2404,
1996,14,5-14,5608,6076,
1996,14,15-19,2010,2208,
1996,14,20-24,1241,1346,
1996,14,25-34,11005,10045,
1996,14,35-44,0,0,
1996,14,45-54,3632,4044,
1996,14,55-64,1502,1587,
1996,14,65-74,1282,1071,
1996,14,75+,0,0,
1999,1,0-4,1899,1947,
1999,1,5-14,4371,4550,
1999,1,15-19,2337,2446,
1999,1,20-24,2907,3063,
1999,1,25-34,5035,5107,
1999,1,35-44,6385,6271,
1999,1,45-54,4663,4690,
1999,1,55-64,2901,2720,
1999,1,65-74,2556,2119,
1999,1,75+,1500,932,
1999,2,0-4,2592,2768,
1999,2,5-14,6282,6349,
1999,2,15-19,2849,3222,
1999,2,20-24,2337,2604,
1999,2,25-34,5797,5475,
1999,2,35-44,8291,7808,
1999,2,45-54,5491,5840,
1999,2,55-64,2276,2327,
1999,2,65-74,1608,1405,
1999,2,75+,877,615,
1999,3,0-4,2997,2995,
1999,3,5-14,5648,5753,
1999,3,15-19,2308,2502,
1999,3,20-24,2570,2694,
1999,3,25-34,7407,7318,
1999,3,35-44,7440,7570,
1999,3,45-54,4106,4208,
1999,3,55-64,2240,2115,
1999,3,65-74,1417,1261,
1999,3,75+,555,407,
1999,4,0-4,1181,1188,
1999,4,5-14,2215,2168,
1999,4,15-19,1033,1086,
1999,4,20-24,1945,2015,
1999,4,25-34,4690,5171,
1999,4,35-44,4409,4994,
1999,4,45-54,2407,2637,
1999,4,55-64,1661,1427,
1999,4,65-74,2105,1664,
1999,4,75+,2151,1217,
1999,5,0-4,2516,2732,
1999,5,5-14,5799,6130,
1999,5,15-19,2987,3069,
1999,5,20-24,2795,3126,
1999,5,25-34,5665,5510,
1999,5,35-44,6782,6730,
1999,5,45-54,4676,4912,
1999,5,55-64,1778,1934,
1999,5,65-74,1291,1065,
1999,5,75+,553,406,
1999,6,0-4,1847,1784,
1999,6,5-14,3715,3899,
1999,6,15-19,1648,1705,
1999,6,20-24,1915,1881,
1999,6,25-34,4789,4379,
1999,6,35-44,6408,6049,
1999,6,45-54,3841,4096,
1999,6,55-64,2118,1846,
1999,6,65-74,2279,1829,
1999,6,75+,1884,1130,
1999,7,0-4,873,932,
1999,7,5-14,1558,1630,
1999,7,15-19,965,956,
1999,7,20-24,2636,2803,
1999,7,25-34,5573,6313,
1999,7,35-44,4463,5326,
1999,7,45-54,2906,3315,
1999,7,55-64,1695,1822,
1999,7,65-74,2293,1856,
1999,7,75+,2541,1455,
1999,8,0-4,672,593,
1999,8,5-14,1048,1170,
1999,8,15-19,940,780,
1999,8,20-24,3004,2785,
1999,8,25-34,6340,7758,
1999,8,35-44,3707,5101,
1999,8,45-54,2268,2816,
1999,8,55-64,1231,1282,
1999,8,65-74,1288,1070,
1999,8,75+,1148,754,
1999,9,0-4,1934,1958,
1999,9,5-14,3822,4050,
1999,9,15-19,1568,1750,
1999,9,20-24,1665,1932,
1999,9,25-34,4853,5034,
1999,9,35-44,5651,6432,
1999,9,45-54,3128,3510,
1999,9,55-64,1798,1807,
1999,9,65-74,1441,1373,
1999,9,75+,883,591,
1999,10,0-4,2183,2239,
1999,10,5-14,4284,4436,
1999,10,15-19,2009,2197,
1999,10,20-24,2113,2405,
1999,10,25-34,4992,5433,
1999,10,35-44,5147,5947,
1999,10,45-54,3403,3640,
1999,10,55-64,1966,2044,
1999,10,65-74,1363,1201,
1999,10,75+,743,453,
1999,11,0-4,1116,1165,
1999,11,5-14,2575,2586,
1999,11,15-19,1315,1288,
1999,11,20-24,1786,1780,
1999,11,25-34,3496,3744,
1999,11,35-44,4237,4279,
1999,11,45-54,3002,3076,
1999,11,55-64,2054,1825,
1999,11,65-74,2447,1985,
1999,11,75+,2586,1414,
1999,12,0-4,1752,1894,
1999,12,5-14,4117,4138,
1999,12,15-19,1927,2058,
1999,12,20-24,1927,1978,
1999,12,25-34,4510,4534,
1999,12,35-44,5924,6019,
1999,12,45-54,4231,4254,
1999,12,55-64,2719,2516,
1999,12,65-74,1981,1823,
1999,12,75+,1168,740,
1999,13,0-4,1331,1370,
1999,13,5-14,4197,4555,
1999,13,15-19,2267,2472,
1999,13,20-24,1814,1897,
1999,13,25-34,3110,2963,
1999,13,35-44,5508,4802,
1999,13,45-54,5124,4964,
1999,13,55-64,2419,2562,
1999,13,65-74,1545,1433,
1999,13,75+,899,636,
1999,14,0-4,2683,2771,
1999,14,5-14,6691,7259,
1999,14,15-19,2596,2885,
1999,14,20-24,1742,1842,
1999,14,25-34,5367,4751,
1999,14,35-44,8078,7736,
1999,14,45-54,4891,5241,
1999,14,55-64,2068,2186,
1999,14,65-74,1114,1099,
1999,14,75+,555,370,
2001,1,0-4,1897,1933,
2001,1,5-14,4091,4186,
2001,1,15-19,2261,2325,
2001,1,20-24,3103,2950,
2001,1,25-34,4927,4819,
2001,1,35-44,5836,5667,
2001,1,45-54,4722,4894,
2001,1,55-64,2711,2604,
2001,1,65-74,2057,1741,
2001,1,75+,1531,938,
2001,2,0-4,1877,2005,
2001,2,5-14,5326,5386,
2001,2,15-19,2761,3136,
2001,2,20-24,2318,2524,
2001,2,25-34,4210,3935,
2001,2,35-44,6843,6247,
2001,2,45-54,5734,5918,
2001,2,55-64,2349,2363,
2001,2,65-74,1555,1448,
2001,2,75+,980,668,
2001,3,0-4,3140,3340,
2001,3,5-14,5103,5336,
2001,3,15-19,2055,2112,
2001,3,20-24,2271,2416,
2001,3,25-34,7897,7738,
2001,3,35-44,6622,7100,
2001,3,45-54,3454,3636,
2001,3,55-64,1596,1599,
2001,3,65-74,1030,889,
2001,3,75+,454,305,
2001,4,0-4,1990,2022,
2001,4,5-14,4835,4969,
2001,4,15-19,2302,2430,
2001,4,20-24,2673,2783,
2001,4,25-34,5701,5858,
2001,4,35-44,7163,7173,
2001,4,45-54,4895,5016,
2001,4,55-64,2584,2477,
2001,4,65-74,2488,2032,
2001,4,75+,1827,1201,
2001,5,0-4,2073,1998,
2001,5,5-14,4813,4953,
2001,5,15-19,2642,2828,
2001,5,20-24,2504,2808,
2001,5,25-34,4539,4592,
2001,5,35-44,5569,5465,
2001,5,45-54,4606,4762,
2001,5,55-64,1910,1996,
2001,5,65-74,1211,1076,
2001,5,75+,644,409,
2001,6,0-4,1697,1792,
2001,6,5-14,3878,4037,
2001,6,15-19,1748,1927,
2001,6,20-24,1869,1873,
2001,6,25-34,4303,4071,
2001,6,35-44,6208,5643,
2001,6,45-54,4367,4402,
2001,6,55-64,2253,2083,
2001,6,65-74,2215,1796,
2001,6,75+,1987,1201,
2001,7,0-4,1029,1074,
2001,7,5-14,2148,2214,
2001,7,15-19,1353,1422,
2001,7,20-24,2926,2965,
2001,7,25-34,5748,6126,
2001,7,35-44,4988,5601,
2001,7,45-54,3734,4254,
2001,7,55-64,2119,2199,
2001,7,65-74,2579,2126,
2001,7,75+,2887,1658,
2001,8,0-4,841,864,
2001,8,5-14,1441,1473,
2001,8,15-19,1203,1063,
2001,8,20-24,3923,3861,
2001,8,25-34,8543,10145,
2001,8,35-44,4990,6834,
2001,8,45-54,3534,4338,
2001,8,55-64,1822,2016,
2001,8,65-74,1739,1433,
2001,8,75+,1763,1094,
2001,9,0-4,1669,1586,
2001,9,5-14,3242,3343,
2001,9,15-19,1445,1607,
2001,9,20-24,1976,2125,
2001,9,25-34,5051,5389,
2001,9,35-44,5124,6195,
2001,9,45-54,3315,3820,
2001,9,55-64,1881,1870,
2001,9,65-74,1648,1491,
2001,9,75+,1629,983,
2001,10,0-4,1989,2029,
2001,10,5-14,4094,4330,
2001,10,15-19,2060,2201,
2001,10,20-24,2150,2538,
2001,10,25-34,4749,5228,
2001,10,35-44,5149,6002,
2001,10,45-54,3601,3927,
2001,10,55-64,2134,2210,
2001,10,65-74,1417,1282,
2001,10,75+,819,523,
2001,11,0-4,1381,1415,
2001,11,5-14,3780,3900,
2001,11,15-19,2084,2254,
2001,11,20-24,2238,2396,
2001,11,25-34,4321,4482,
2001,11,35-44,5543,5293,
2001,11,45-54,4918,4837,
2001,11,55-64,3053,2857,
2001,11,65-74,2743,2324,
2001,11,75+,3071,1673,
2001,12,0-4,2331,2293,
2001,12,5-14,4732,5006,
2001,12,15-19,1920,2057,
2001,12,20-24,1675,1790,
2001,12,25-34,5313,4930,
2001,12,35-44,7045,7032,
2001,12,45-54,4346,4785,
2001,12,55-64,2468,2362,
2001,12,65-74,1820,1634,
2001,12,75+,1093,739,
2001,13,0-4,1861,1915,
2001,13,5-14,4668,4853,
2001,13,15-19,2434,2533,
2001,13,20-24,1859,2035,
2001,13,25-34,4524,4339,
2001,13,35-44,6169,5708,
2001,13,45-54,4809,4830,
2001,13,55-64,2194,2215,
2001,13,65-74,1354,1269,
2001,13,75+,588,432,
2001,14,0-4,1463,1565,
2001,14,5-14,4933,5238,
2001,14,15-19,2535,2766,
2001,14,20-24,1569,1809,
2001,14,25-34,2909,2662,
2001,14,35-44,5848,5207,
2001,14,45-54,4838,5011,
2001,14,55-64,2138,2304,
2001,14,65-74,1077,1056,
2001,14,75+,703,438,
2004,1,0-4,2376,2363,
2004,1,5-14,4397,4528,
2004,1,15-19,2763,2748,
2004,1,20-24,3187,3084,
2004,1,25-34,6110,5789,
2004,1,35-44,6511,6430,
2004,1,45-54,5629,5798,
2004,1,55-64,3321,3348,
2004,1,65-74,2227,2072,
2004,1,75+,1775,1169,
2004,2,0-4,2035,1946,
2004,2,5-14,5418,5483,
2004,2,15-19,3128,3306,
2004,2,20-24,2733,3060,
2004,2,25-34,4560,4208,
2004,2,35-44,6910,6280,
2004,2,45-54,6425,6795,
2004,2,55-64,3137,3316,
2004,2,65-74,1797,1732,
2004,2,75+,1265,862,
2004,3,0-4,3419,3515,
2004,3,5-14,5909,6039,
2004,3,15-19,2134,2383,
2004,3,20-24,2784,2687,
2004,3,25-34,8767,8402,
2004,3,35-44,6959,7597,
2004,3,45-54,4289,4574,
2004,3,55-64,2134,2045,
2004,3,65-74,1195,1080,
2004,3,75+,624,482,
2004,4,0-4,2105,2167,
2004,4,5-14,4902,5029,
2004,4,15-19,2492,2608,
2004,4,20-24,2666,2758,
2004,4,25-34,5679,5491,
2004,4,35-44,6906,6823,
2004,4,45-54,5494,5722,
2004,4,55-64,2814,2691,
2004,4,65-74,2162,1916,
2004,4,75+,1570,1109,
2004,5,0-4,1923,1854,
2004,5,5-14,4489,4634,
2004,5,15-19,2422,2560,
2004,5,20-24,2549,2753,
2004,5,25-34,4375,4258,
2004,5,35-44,5122,5042,
2004,5,45-54,4622,4895,
2004,5,55-64,2370,2530,
2004,5,65-74,1349,1227,
2004,5,75+,897,616,
2004,6,0-4,2105,2251,
2004,6,5-14,4584,4909,
2004,6,15-19,2029,2348,
2004,6,20-24,2121,2066,
2004,6,25-34,5393,4728,
2004,6,35-44,6909,6258,
2004,6,45-54,5383,5559,
2004,6,55-64,2708,2769,
2004,6,65-74,2327,1930,
2004,6,75+,2286,1437,
2004,7,0-4,1083,1037,
2004,7,5-14,2036,2145,
2004,7,15-19,1549,1570,
2004,7,20-24,3297,3372,
2004,7,25-34,5375,6150,
2004,7,35-44,4486,5068,
2004,7,45-54,4056,4663,
2004,7,55-64,2319,2566,
2004,7,65-74,2340,2007,
2004,7,75+,3067,2002,
2004,8,0-4,828,846,
2004,8,5-14,1433,1441,
2004,8,15-19,1059,990,
2004,8,20-24,3782,3316,
2004,8,25-34,8749,10236,
2004,8,35-44,4803,6640,
2004,8,45-54,3574,4509,
2004,8,55-64,1998,2195,
2004,8,65-74,1581,1335,
2004,8,75+,1694,1041,
2004,9,0-4,1569,1523,
2004,9,5-14,3069,3183,
2004,9,15-19,1566,1720,
2004,9,20-24,2282,2196,
2004,9,25-34,5552,5856,
2004,9,35-44,5515,6302,
2004,9,45-54,4156,4955,
2004,9,55-64,2388,2475,
2004,9,65-74,1944,1626,
2004,9,75+,2121,1251,
2004,10,0-4,1888,1752,
2004,10,5-14,3875,4040,
2004,10,15-19,1815,2024,
2004,10,20-24,2211,2346,
2004,10,25-34,4190,4359,
2004,10,35-44,4888,5619,
2004,10,45-54,3699,4377,
2004,10,55-64,2462,2501,
2004,10,65-74,1440,1438,
2004,10,75+,919,626,
2004,11,0-4,1319,1275,
2004,11,5-14,3518,3653,
2004,11,15-19,2235,2241,
2004,11,20-24,2441,2509,
2004,11,25-34,4372,4348,
2004,11,35-44,5151,4894,
2004,11,45-54,5086,5093,
2004,11,55-64,3330,3257,
2004,11,65-74,2573,2178,
2004,11,75+,3205,1853,
2004,12,0-4,2453,2456,
2004,12,5-14,5080,5289,
2004,12,15-19,2246,2402,
2004,12,20-24,2061,2156,
2004,12,25-34,5656,5537,
2004,12,35-44,7291,7124,
2004,12,45-54,5241,5711,
2004,12,55-64,2948,2843,
2004,12,65-74,1966,1772,
2004,12,75+,1421,969,
2004,13,0-4,2078,2141,
2004,13,5-14,4780,5079,
2004,13,15-19,2658,2798,
2004,13,20-24,2299,2387,
2004,13,25-34,5316,4891,
2004,13,35-44,6384,6074,
2004,13,45-54,5483,5528,
2004,13,55-64,2850,2871,
2004,13,65-74,1622,1491,
2004,13,75+,901,684,
2004,14,0-4,1403,1427,
2004,14,5-14,4446,4904,
2004,14,15-19,2613,2825,
2004,14,20-24,1822,2064,
2004,14,25-34,2885,2724,
2004,14,35-44,5263,4561,
2004,14,45-54,5166,5255,
2004,14,55-64,2653,2904,
2004,14,65-74,1344,1285,
2004,14,75+,1077,720,
2006,1,0-4,2935,2811,
2006,1,5-14,4776,4875,
2006,1,15-19,2908,2959,
2006,1,20-24,3419,3542,
2006,1,25-34,7244,6806,
2006,1,35-44,7093,7123,
2006,1,45-54,6465,6448,
2006,1,55-64,3848,3882,
2006,1,65-74,2402,2227,
2006,1,75+,2134,1406,
2006,2,0-4,1958,1924,
2006,2,5-14,5339,5455,
2006,2,15-19,3241,3451,
2006,2,20-24,2804,3189,
2006,2,25-34,4549,4245,
2006,2,35-44,6803,6294,
2006,2,45-54,6841,6985,
2006,2,55-64,3581,3796,
2006,2,65-74,2018,1902,
2006,2,75+,1422,994,
2006,3,0-4,4100,4314,
2006,3,5-14,6764,7138,
2006,3,15-19,2602,2726,
2006,3,20-24,3148,3074,
2006,3,25-34,9998,9260,
2006,3,35-44,8244,9090,
2006,3,45-54,5212,5616,
2006,3,55-64,2780,2708,
2006,3,65-74,1576,1416,
2006,3,75+,953,706,
2006,4,0-4,2032,2010,
2006,4,5-14,4602,4798,
2006,4,15-19,2500,2654,
2006,4,20-24,2713,2870,
2006,4,25-34,5307,5324,
2006,4,35-44,6571,6619,
2006,4,45-54,5780,5951,
2006,4,55-64,2960,2928,
2006,4,65-74,2167,1924,
2006,4,75+,1737,1299,
2006,5,0-4,1837,1799,
2006,5,5-14,4362,4505,
2006,5,15-19,2318,2504,
2006,5,20-24,2529,2675,
2006,5,25-34,4334,4370,
2006,5,35-44,4764,4843,
2006,5,45-54,4770,4857,
2006,5,55-64,2814,2897,
2006,5,65-74,1457,1411,
2006,5,75+,1043,695,
2006,6,0-4,2597,2615,
2006,6,5-14,4985,5140,
2006,6,15-19,2342,2522,
2006,6,20-24,2276,2216,
2006,6,25-34,5830,5045,
2006,6,35-44,7394,6896,
2006,6,45-54,6248,6433,
2006,6,55-64,3136,3181,
2006,6,65-74,2623,2097,
2006,6,75+,2139,1614,
2006,7,0-4,1091,1021,
2006,7,5-14,2015,2027,
2006,7,15-19,1432,1534,
2006,7,20-24,3330,3583,
2006,7,25-34,5442,6144,
2006,7,35-44,4502,5308,
2006,7,45-54,4294,4858,
2006,7,55-64,2559,2909,
2006,7,65-74,2269,1993,
2006,7,75+,3064,2145,
2006,8,0-4,875,901,
2006,8,5-14,1422,1397,
2006,8,15-19,1070,1062,
2006,8,20-24,3945,3326,
2006,8,25-34,9278,10317,
2006,8,35-44,5482,7369,
2006,8,45-54,3904,5079,
2006,8,55-64,2198,2534,
2006,8,65-74,1611,1492,
2006,8,75+,1565,1046,
2006,9,0-4,1658,1489,
2006,9,5-14,2858,2953,
2006,9,15-19,1507,1679,
2006,9,20-24,2285,2284,
2006,9,25-34,5457,5855,
2006,9,35-44,5421,6216,
2006,9,45-54,4517,5417,
2006,9,55-64,2537,2799,
2006,9,65-74,1917,1645,
2006,9,75+,2136,1421,
2006,10,0-4,1756,1865,
2006,10,5-14,3614,3797,
2006,10,15-19,1805,1930,
2006,10,20-24,2154,2391,
2006,10,25-34,4246,4459,
2006,10,35-44,4726,5445,
2006,10,45-54,3894,4620,
2006,10,55-64,2586,2644,
2006,10,65-74,1625,1619,
2006,10,75+,884,666,
2006,11,0-4,1385,1396,
2006,11,5-14,3264,3397,
2006,11,15-19,2249,2260,
2006,11,20-24,2712,2591,
2006,11,25-34,4466,4331,
2006,11,35-44,5053,4916,
2006,11,45-54,5320,5301,
2006,11,55-64,3541,3448,
2006,11,65-74,2549,2200,
2006,11,75+,3241,2064,
2006,12,0-4,2710,2834,
2006,12,5-14,5411,5503,
2006,12,15-19,2407,2585,
2006,12,20-24,2463,2478,
2006,12,25-34,6820,6510,
2006,12,35-44,7612,7559,
2006,12,45-54,6095,6603,
2006,12,55-64,3360,3385,
2006,12,65-74,2142,1898,
2006,12,75+,1641,1131,
2006,13,0-4,2413,2361,
2006,13,5-14,4799,5183,
2006,13,15-19,2795,2945,
2006,13,20-24,2732,2898,
2006,13,25-34,6057,5586,
2006,13,35-44,6803,6528,
2006,13,45-54,6259,6262,
2006,13,55-64,3429,3398,
2006,13,65-74,1866,1734,
2006,13,75+,1184,912,
2006,14,0-4,1523,1499,
2006,14,5-14,4362,4589,
2006,14,15-19,2553,2759,
2006,14,20-24,1797,2085,
2006,14,25-34,2974,2743,
2006,14,35-44,4998,4464,
2006,14,45-54,5301,5324,
2006,14,55-64,3137,3291,
2006,14,65-74,1466,1424,
2006,14,75+,1166,781,
2009,1,0-4,3371,3315,
2009,1,5-14,5490,5517,
2009,1,15-19,2937,3166,
2009,1,20-24,3680,3730,
2009,1,25-34,7496,7138,
2009,1,35-44,7865,7945,
2009,1,45-54,6945,6821,
2009,1,55-64,4451,4532,
2009,1,65-74,2680,2410,
2009,1,75+,2423,1525,
2009,2,0-4,1947,1885,
2009,2,5-14,5174,5149,
2009,2,15-19,3112,3388,
2009,2,20-24,2966,3395,
2009,2,25-34,4480,4704,
2009,2,35-44,6423,6024,
2009,2,45-54,7332,7150,
2009,2,55-64,4321,4631,
2009,2,65-74,2177,1998,
2009,2,75+,1552,1136,
2009,3,0-4,5021,5108,
2009,3,5-14,8042,8520,
2009,3,15-19,3018,3222,
2009,3,20-24,3353,3492,
2009,3,25-34,11229,10644,
2009,3,35-44,9929,10539,
2009,3,45-54,5902,6469,
2009,3,55-64,3238,3172,
2009,3,65-74,1648,1565,
2009,3,75+,904,660,
2009,4,0-4,1899,1991,
2009,4,5-14,4279,4436,
2009,4,15-19,2414,2495,
2009,4,20-24,2617,2806,
2009,4,25-34,5234,5585,
2009,4,35-44,5877,6028,
2009,4,45-54,6254,6341,
2009,4,55-64,3460,3416,
2009,4,65-74,2101,1887,
2009,4,75+,1813,1312,
2009,5,0-4,1814,1887,
2009,5,5-14,3958,4034,
2009,5,15-19,2190,2377,
2009,5,20-24,2395,2525,
2009,5,25-34,4620,4778,
2009,5,35-44,4419,4753,
2009,5,45-54,4714,4744,
2009,5,55-64,3133,3243,
2009,5,65-74,1544,1531,
2009,5,75+,1101,757,
2009,6,0-4,2881,3094,
2009,6,5-14,5520,5756,
2009,6,15-19,2700,2826,
2009,6,20-24,2664,2654,
2009,6,25-34,6415,5770,
2009,6,35-44,7919,7283,
2009,6,45-54,7289,7141,
2009,6,55-64,3924,3924,
2009,6,65-74,2458,2010,
2009,6,75+,2576,1649,
2009,7,0-4,1180,1227,
2009,7,5-14,1888,1962,
2009,7,15-19,1466,1508,
2009,7,20-24,3217,3622,
2009,7,25-34,5911,6806,
2009,7,35-44,4248,5118,
2009,7,45-54,4345,4954,
2009,7,55-64,2863,3204,
2009,7,65-74,2109,1869,
2009,7,75+,3126,2092,
2009,8,0-4,1113,1119,
2009,8,5-14,1315,1444,
2009,8,15-19,971,981,
2009,8,20-24,3373,2988,
2009,8,25-34,10078,11648,
2009,8,35-44,5308,7486,
2009,8,45-54,3907,5070,
2009,8,55-64,2373,2883,
2009,8,65-74,1500,1305,
2009,8,75+,1539,958,
2009,9,0-4,1576,1625,
2009,9,5-14,2547,2520,
2009,9,15-19,1362,1539,
2009,9,20-24,2182,2172,
2009,9,25-34,5795,6177,
2009,9,35-44,4926,5954,
2009,9,45-54,4782,5820,
2009,9,55-64,2935,3404,
2009,9,65-74,1818,1660,
2009,9,75+,1922,1381,
2009,10,0-4,1987,1977,
2009,10,5-14,3608,3752,
2009,10,15-19,1878,2114,
2009,10,20-24,2331,2603,
2009,10,25-34,5043,5717,
2009,10,35-44,4806,5770,
2009,10,45-54,4645,5658,
2009,10,55-64,3178,3091,
2009,10,65-74,1933,1958,
2009,10,75+,1151,909,
2009,11,0-4,1544,1499,
2009,11,5-14,3003,3138,
2009,11,15-19,2156,2182,
2009,11,20-24,2535,2439,
2009,11,25-34,4668,4759,
2009,11,35-44,4807,4731,
2009,11,45-54,5417,5316,
2009,11,55-64,3855,3713,
2009,11,65-74,2549,2185,
2009,11,75+,3310,2011,
2009,12,0-4,3545,3724,
2009,12,5-14,6181,6337,
2009,12,15-19,2708,2917,
2009,12,20-24,3054,3262,
2009,12,25-34,9139,9277,
2009,12,35-44,8503,8942,
2009,12,45-54,7477,7766,
2009,12,55-64,3992,4157,
2009,12,65-74,2347,1989,
2009,12,75+,1866,1307,
2009,13,0-4,2804,2853,
2009,13,5-14,5213,5450,
2009,13,15-19,2796,3135,
2009,13,20-24,2988,3294,
2009,13,25-34,6724,6468,
2009,13,35-44,7427,7378,
2009,13,45-54,7043,6892,
2009,13,55-64,4193,4158,
2009,13,65-74,2191,1924,
2009,13,75+,1426,1072,
2009,14,0-4,1603,1685,
2009,14,5-14,4283,4487,
2009,14,15-19,2451,2758,
2009,14,20-24,2074,2320,
2009,14,25-34,3470,3618,
2009,14,35-44,4822,4535,
2009,14,45-54,5711,5513,
2009,14,55-64,3500,3590,
2009,14,65-74,1725,1685,
2009,14,75+,1429,909,
2011,1,0-4,2810,2684,
2011,1,5-14,4818,4913,
2011,1,15-19,2629,2747,
2011,1,20-24,3240,3407,
2011,1,25-34,6008,5849,
2011,1,35-44,6802,6704,
2011,1,45-54,6122,6058,
2011,1,55-64,4516,4498,
2011,1,65-74,2680,2388,
2011,1,75+,2562,1690,
2011,2,0-4,2500,2459,
2011,2,5-14,4871,4867,
2011,2,15-19,2481,2645,
2011,2,20-24,2389,2660,
2011,2,25-34,5427,5359,
2011,2,35-44,6347,6199,
2011,2,45-54,5803,5764,
2011,2,55-64,3665,3754,
2011,2,65-74,1632,1567,
2011,2,75+,1118,863,
2011,3,0-4,4038,4230,
2011,3,5-14,7185,7563,
2011,3,15-19,2576,2975,
2011,3,20-24,2616,2518,
2011,3,25-34,9166,8289,
2011,3,35-44,8609,9051,
2011,3,45-54,5004,5601,
2011,3,55-64,2988,2885,
2011,3,65-74,1619,1486,
2011,3,75+,799,664,
2011,4,0-4,2153,2222,
2011,4,5-14,4811,4996,
2011,4,15-19,2873,3094,
2011,4,20-24,3039,3304,
2011,4,25-34,5420,5569,
2011,4,35-44,6449,6274,
2011,4,45-54,7675,7552,
2011,4,55-64,5117,5159,
2011,4,65-74,2610,2445,
2011,4,75+,2167,1582,
2011,5,0-4,2622,2626,
2011,5,5-14,5130,5329,
2011,5,15-19,2655,2905,
2011,5,20-24,2843,2908,
2011,5,25-34,5995,5873,
2011,5,35-44,5952,6212,
2011,5,45-54,5664,6120,
2011,5,55-64,4154,4184,
2011,5,65-74,2115,2091,
2011,5,75+,1303,967,
2011,6,0-4,2652,2839,
2011,6,5-14,5249,5344,
2011,6,15-19,2449,2604,
2011,6,20-24,2126,2157,
2011,6,25-34,5161,4394,
2011,6,35-44,7427,6663,
2011,6,45-54,6635,6364,
2011,6,55-64,3745,3847,
2011,6,65-74,2272,1945,
2011,6,75+,2027,1396,
2011,7,0-4,1658,1703,
2011,7,5-14,2557,2670,
2011,7,15-19,1715,1832,
2011,7,20-24,3568,4021,
2011,7,25-34,6905,8005,
2011,7,35-44,5267,5863,
2011,7,45-54,5312,5830,
2011,7,55-64,4013,4432,
2011,7,65-74,2605,2394,
2011,7,75+,3693,2450,
2011,8,0-4,1486,1576,
2011,8,5-14,2037,2024,
2011,8,15-19,1245,1193,
2011,8,20-24,3972,3286,
2011,8,25-34,11642,12637,
2011,8,35-44,6114,8096,
2011,8,45-54,4689,5565,
2011,8,55-64,3203,3733,
2011,8,65-74,1924,1625,
2011,8,75+,1961,1222,
2011,9,0-4,1688,1772,
2011,9,5-14,2963,2987,
2011,9,15-19,1710,1784,
2011,9,20-24,2335,2508,
2011,9,25-34,6160,6807,
2011,9,35-44,5591,6209,
2011,9,45-54,5935,6807,
2011,9,55-64,3968,4311,
2011,9,65-74,2395,2125,
2011,9,75+,2711,1661,
2011,10,0-4,2399,2304,
2011,10,5-14,4340,4373,
2011,10,15-19,2129,2337,
2011,10,20-24,2486,2731,
2011,10,25-34,5701,5892,
2011,10,35-44,5660,6460,
2011,10,45-54,5503,6628,
2011,10,55-64,3582,3942,
2011,10,65-74,2398,2248,
2011,10,75+,1523,1228,
2011,11,0-4,1947,1948,
2011,11,5-14,3579,3600,
2011,11,15-19,2157,2347,
2011,11,20-24,3106,2931,
2011,11,25-34,5745,5794,
2011,11,35-44,5886,5852,
2011,11,45-54,6201,6130,
2011,11,55-64,4605,4587,
2011,11,65-74,3231,2821,
2011,11,75+,4009,2635,
2011,12,0-4,3411,3664,
2011,12,5-14,5137,5286,
2011,12,15-19,1918,2081,
2011,12,20-24,1907,1868,
2011,12,25-34,7952,7552,
2011,12,35-44,6929,7257,
2011,12,45-54,4826,5041,
2011,12,55-64,2740,2772,
2011,12,65-74,1017,1047,
2011,12,75+,586,425,
2011,13,0-4,2609,2682,
2011,13,5-14,5061,5185,
2011,13,15-19,2562,2983,
2011,13,20-24,2606,2912,
2011,13,25-34,5936,5735,
2011,13,35-44,7036,6701,
2011,13,45-54,6657,6530,
2011,13,55-64,4335,4184,
2011,13,65-74,2103,1934,
2011,13,75+,1515,1066,
2011,14,0-4,1748,1999,
2011,14,5-14,4594,4751,
2011,14,15-19,2574,2840,
2011,14,20-24,2250,2528,
2011,14,25-34,4040,4164,
2011,14,35-44,5292,5060,
2011,14,45-54,6356,6132,
2011,14,55-64,4462,4486,
2011,14,65-74,2549,2392,
2011,14,75+,1727,1307,
2014,1,0-4,2994,2552,
2014,1,5-14,5120,5456,
2014,1,15-19,2603,2802,
2014,1,20-24,3338,3786,
2014,1,25-34,6269,6268,
2014,1,35-44,7269,6826,
2014,1,45-54,5990,5988,
2014,1,55-64,4931,4904,
2014,1,65-74,3161,2807,
2014,1,75+,2565,1976,
2014,2,0-4,3442,2816,
2014,2,5-14,5425,5368,
2014,2,15-19,2598,2793,
2014,2,20-24,2603,2931,
2014,2,25-34,6763,6608,
2014,2,35-44,7283,7091,
2014,2,45-54,6256,6319,
2014,2,55-64,4345,4296,
2014,2,65-74,2156,2067,
2014,2,75+,1340,1109,
2014,3,0-4,4580,4135,
2014,3,5-14,7445,7847,
2014,3,15-19,2785,3074,
2014,3,20-24,2749,2753,
2014,3,25-34,9827,9010,
2014,3,35-44,9126,9099,
2014,3,45-54,5497,5953,
2014,3,55-64,3533,3334,
2014,3,65-74,1949,1792,
2014,3,75+,959,686,
2014,4,0-4,2687,2220,
2014,4,5-14,4605,4917,
2014,4,15-19,2583,2819,
2014,4,20-24,2783,3173,
2014,4,25-34,5809,6224,
2014,4,35-44,6579,6142,
2014,4,45-54,7232,7095,
2014,4,55-64,5917,5762,
2014,4,65-74,3080,2909,
2014,4,75+,2211,1628,
2014,5,0-4,3850,3263,
2014,5,5-14,6214,6636,
2014,5,15-19,3012,3265,
2014,5,20-24,3218,3800,
2014,5,25-34,8145,8359,
2014,5,35-44,7373,7911,
2014,5,45-54,6281,6667,
2014,5,55-64,5101,5165,
2014,5,65-74,2996,2912,
2014,5,75+,1309,1012,
2014,6,0-4,3259,2688,
2014,6,5-14,5938,6047,
2014,6,15-19,2565,2798,
2014,6,20-24,2328,2402,
2014,6,25-34,5720,4902,
2014,6,35-44,7867,6950,
2014,6,45-54,6997,6581,
2014,6,55-64,4604,4511,
2014,6,65-74,2580,2311,
2014,6,75+,2257,1498,
2014,7,0-4,2537,1780,
2014,7,5-14,2910,2891,
2014,7,15-19,1577,1893,
2014,7,20-24,3680,4138,
2014,7,25-34,7905,9005,
2014,7,35-44,6061,6315,
2014,7,45-54,4916,5244,
2014,7,55-64,4744,4886,
2014,7,65-74,2852,2626,
2014,7,75+,3546,2483,
2014,8,0-4,2572,1666,
2014,8,5-14,2051,2225,
2014,8,15-19,1051,1127,
2014,8,20-24,3594,3212,
2014,8,25-34,14121,14170,
2014,8,35-44,7181,8416,
2014,8,45-54,4657,5375,
2014,8,55-64,3456,3907,
2014,8,65-74,1979,1808,
2014,8,75+,1829,1212,
2014,9,0-4,2669,1996,
2014,9,5-14,2911,3025,
2014,9,15-19,1458,1650,
2014,9,20-24,2376,2481,
2014,9,25-34,7250,7537,
2014,9,35-44,6067,6431,
2014,9,45-54,5650,6197,
2014,9,55-64,4485,5011,
2014,9,65-74,2589,2335,
2014,9,75+,2704,1659,
2014,10,0-4,2786,2431,
2014,10,5-14,4312,4587,
2014,10,15-19,2096,2307,
2014,10,20-24,2555,2901,
2014,10,25-34,6343,6794,
2014,10,35-44,6041,6783,
2014,10,45-54,5468,6594,
2014,10,55-64,4066,4534,
2014,10,65-74,2589,2403,
2014,10,75+,1563,1290,
2014,11,0-4,2409,2112,
2014,11,5-14,3731,3822,
2014,11,15-19,1975,2073,
2014,11,20-24,2825,2947,
2014,11,25-34,6277,6437,
2014,11,35-44,6231,6195,
2014,11,45-54,5925,5784,
2014,11,55-64,5061,5038,
2014,11,65-74,3565,3000,
2014,11,75+,4084,2550,
2014,12,0-4,5227,4498,
2014,12,5-14,6556,6910,
2014,12,15-19,2378,2479,
2014,12,20-24,2259,2396,
2014,12,25-34,10220,9553,
2014,12,35-44,9212,9212,
2014,12,45-54,5869,5958,
2014,12,55-64,3789,3704,
2014,12,65-74,1674,1617,
2014,12,75+,676,746,
2014,13,0-4,2773,2592,
2014,13,5-14,5320,5585,
2014,13,15-19,2539,2928,
2014,13,20-24,2531,2797,
2014,13,25-34,6020,5902,
2014,13,35-44,7385,6999,
2014,13,45-54,6715,6389,
2014,13,55-64,4866,4758,
2014,13,65-74,2802,2462,
2014,13,75+,1670,1225,
2014,14,0-4,2284,2220,
2014,14,5-14,4678,4985,
2014,14,15-19,2479,2669,
2014,14,20-24,2327,2590,
2014,14,25-34,4788,4642,
2014,14,35-44,5766,5510,
2014,14,45-54,6147,5958,
2014,14,55-64,5072,4904,
2014,14,65-74,2882,2800,
2014,14,75+,2105,1620,
2016,1,0-4,2593,2797,
2016,1,5-14,5258,5470,
2016,1,15-19,2756,2716,
2016,1,20-24,3127,3352,
2016,1,25-34,6086,6228,
2016,1,35-44,6764,6460,
2016,1,45-54,6113,6036,
2016,1,55-64,5347,5090,
2016,1,65-74,3255,3047,
2016,1,75+,2960,2110,
2016,2,0-4,3402,3554,
2016,2,5-14,6190,6285,
2016,2,15-19,2872,3129,
2016,2,20-24,2808,3153,
2016,2,25-34,7632,7722,
2016,2,35-44,8019,7564,
2016,2,45-54,6933,6832,
2016,2,55-64,5003,4917,
2016,2,65-74,2574,2499,
2016,2,75+,1526,1397,
2016,3,0-4,4422,4730,
2016,3,5-14,7877,8456,
2016,3,15-19,3043,3459,
2016,3,20-24,2820,3051,
2016,3,25-34,10086,9620,
2016,3,35-44,9750,9525,
2016,3,45-54,6305,6869,
2016,3,55-64,3937,3824,
2016,3,65-74,2358,2140,
2016,3,75+,1043,833,
2016,4,0-4,2483,2532,
2016,4,5-14,4600,4955,
2016,4,15-19,2405,2674,
2016,4,20-24,2495,2864,
2016,4,25-34,5604,6188,
2016,4,35-44,6414,6138,
2016,4,45-54,6770,6799,
2016,4,55-64,6033,5954,
2016,4,65-74,3409,3195,
2016,4,75+,2383,1812,
2016,5,0-4,3437,3514,
2016,5,5-14,6250,6761,
2016,5,15-19,2967,3126,
2016,5,20-24,3058,3488,
2016,5,25-34,7659,7727,
2016,5,35-44,7612,8264,
2016,5,45-54,6020,6414,
2016,5,55-64,5365,5333,
2016,5,65-74,3145,3188,
2016,5,75+,1599,1219,
2016,6,0-4,2966,3030,
2016,6,5-14,6126,6426,
2016,6,15-19,2570,2823,
2016,6,20-24,2304,2417,
2016,6,25-34,5490,4925,
2016,6,35-44,7798,6939,
2016,6,45-54,7101,6731,
2016,6,55-64,5105,5026,
2016,6,65-74,2951,2557,
2016,6,75+,2309,1684,
2016,7,0-4,2224,2431,
2016,7,5-14,2979,3263,
2016,7,15-19,1691,1702,
2016,7,20-24,3595,4126,
2016,7,25-34,8167,9044,
2016,7,35-44,6154,6735,
2016,7,45-54,4989,5279,
2016,7,55-64,4750,5132,
2016,7,65-74,3019,2997,
2016,7,75+,3439,2455,
2016,8,0-4,2343,2431,
2016,8,5-14,2263,2422,
2016,8,15-19,1015,1074,
2016,8,20-24,3223,2741,
2016,8,25-34,13957,14254,
2016,8,35-44,7330,9161,
2016,8,45-54,4355,5216,
2016,8,55-64,3603,4001,
2016,8,65-74,2022,1995,
2016,8,75+,1861,1187,
2016,9,0-4,2475,2658,
2016,9,5-14,2971,3103,
2016,9,15-19,1475,1606,
2016,9,20-24,2072,2135,
2016,9,25-34,7064,7222,
2016,9,35-44,6002,6916,
2016,9,45-54,5354,5793,
2016,9,55-64,4770,5219,
2016,9,65-74,2828,2594,
2016,9,75+,2600,1676,
2016,10,0-4,2808,3030,
2016,10,5-14,4174,4556,
2016,10,15-19,1891,2115,
2016,10,20-24,2220,2437,
2016,10,25-34,5696,6215,
2016,10,35-44,6163,7150,
2016,10,45-54,5282,6067,
2016,10,55-64,4249,4856,
2016,10,65-74,2672,2526,
2016,10,75+,1653,1386,
2016,11,0-4,2378,2509,
2016,11,5-14,4048,4090,
2016,11,15-19,2115,1997,
2016,11,20-24,2649,2583,
2016,11,25-34,6191,6303,
2016,11,35-44,6306,6332,
2016,11,45-54,5760,5583,
2016,11,55-64,5348,5064,
2016,11,65-74,3634,3138,
2016,11,75+,3927,2681,
2016,12,0-4,5341,5313,
2016,12,5-14,7678,8219,
2016,12,15-19,2696,2790,
2016,12,20-24,2521,2619,
2016,12,25-34,11290,10464,
2016,12,35-44,10520,10950,
2016,12,45-54,6765,6947,
2016,12,55-64,4488,4408,
2016,12,65-74,2243,2125,
2016,12,75+,1238,769,
2016,13,0-4,2484,2734,
2016,13,5-14,5362,5605,
2016,13,15-19,2444,2728,
2016,13,20-24,2303,2673,
2016,13,25-34,5671,5591,
2016,13,35-44,7117,6641,
2016,13,45-54,6563,6349,
2016,13,55-64,5297,5097,
2016,13,65-74,3108,2820,
2016,13,75+,1722,1274,
2016,14,0-4,2500,2526,
2016,14,5-14,4874,5313,
2016,14,15-19,2334,2634,
2016,14,20-24,2205,2409,
2016,14,25-34,5209,5132,
2016,14,35-44,6105,5998,
2016,14,45-54,5979,5910,
2016,14,55-64,5436,5245,
2016,14,65-74,3162,3069,
2016,14,75+,2454,1915,
2019,1,0-4,2300,2410,16
2019,1,5-14,6041,6194,37
2019,1,15-19,2557,2787,14
2019,1,20-24,2409,2672,20
2019,1,25-34,5240,5160,29
2019,1,35-44,7144,6556,18
2019,1,45-54,6651,6641,21
2019,1,55-64,5839,5552,34
2019,1,65-74,4053,3629,10
2019,1,75+,2972,2243,5
2019,2,0-4,3041,3326,26
2019,2,5-14,6282,6528,55
2019,2,15-19,2592,2881,29
2019,2,20-24,2449,2702,15
2019,2,25-34,7027,6885,39
2019,2,35-44,7970,7772,61
2019,2,45-54,6363,6323,32
2019,2,55-64,5285,4997,30
2019,2,65-74,3163,2972,23
2019,2,75+,1796,1443,8
2019,3,0-4,2055,2185,15
2019,3,5-14,5085,5514,66
2019,3,15-19,2274,2641,38
2019,3,20-24,1982,2285,29
2019,3,25-34,4579,4410,63
2019,3,35-44,6384,5949,147
2019,3,45-54,5711,5536,122
2019,3,55-64,3655,3777,33
2019,3,65-74,2237,2027,19
2019,3,75+,1141,858,7
2019,4,0-4,2483,2548,16
2019,4,5-14,5288,5788,61
2019,4,15-19,2300,2446,38
2019,4,20-24,3075,3293,44
2019,4,25-34,6390,6845,109
2019,4,35-44,6935,7188,64
2019,4,45-54,6234,6138,67
2019,4,55-64,7241,6947,47
2019,4,65-74,4767,4407,28
2019,4,75+,3530,2779,15
2019,5,0-4,3336,3757,21
2019,5,5-14,6917,8143,94
2019,5,15-19,2758,3116,18
2019,5,20-24,2935,3453,24
2019,5,25-34,8615,8516,118
2019,5,35-44,9072,9042,131
2019,5,45-54,5147,5733,30
2019,5,55-64,4178,4020,29
2019,5,65-74,2585,2358,13
2019,5,75+,832,723,3
2019,6,0-4,2493,2563,27
2019,6,5-14,6657,7036,47
2019,6,15-19,2865,2971,15
2019,6,20-24,2303,2414,16
2019,6,25-34,4908,4617,21
2019,6,35-44,7607,6664,48
2019,6,45-54,7371,7034,35
2019,6,55-64,5998,5679,27
2019,6,65-74,3781,3349,18
2019,6,75+,2682,1959,14
2019,7,0-4,1866,1964,27
2019,7,5-14,2778,3003,27
2019,7,15-19,1072,1186,25
2019,7,20-24,3424,3479,50
2019,7,25-34,8275,8550,79
2019,7,35-44,6420,7013,55
2019,7,45-54,4432,4617,26
2019,7,55-64,4326,4490,26
2019,7,65-74,2947,2940,9
2019,7,75+,2398,1769,7
2019,8,0-4,2368,2373,23
2019,8,5-14,3328,3538,36
2019,8,15-19,1532,1497,9
2019,8,20-24,3347,2842,49
2019,8,25-34,12868,12404,143
2019,8,35-44,8688,9917,121
2019,8,45-54,5130,5644,39
2019,8,55-64,4124,4268,29
2019,8,65-74,2658,2493,16
2019,8,75+,2138,1368,9
2019,9,0-4,2738,2829,10
2019,9,5-14,4608,5111,26
2019,9,15-19,1901,2118,15
2019,9,20-24,2340,2559,12
2019,9,25-34,7667,7902,46
2019,9,35-44,7558,8422,31
2019,9,45-54,5662,6676,34
2019,9,55-64,5681,6556,32
2019,9,65-74,3563,3436,14
2019,9,75+,2353,1784,11
2019,10,0-4,2723,2992,17
2019,10,5-14,5813,6511,25
2019,10,15-19,2609,2788,9
2019,10,20-24,2836,3121,12
2019,10,25-34,6526,6672,23
2019,10,35-44,7068,7548,38
2019,10,45-54,5607,6055,26
2019,10,55-64,5858,5999,28
2019,10,65-74,4084,3837,16
2019,10,75+,2180,1873,7
2019,11,0-4,2280,2497,16
2019,11,5-14,4564,4657,45
2019,11,15-19,1966,2141,24
2019,11,20-24,2669,2750,29
2019,11,25-34,8160,8716,671
2019,11,35-44,7555,7963,112
2019,11,45-54,6272,6419,61
2019,11,55-64,6873,6658,41
2019,11,65-74,4870,4492,21
2019,11,75+,4264,3211,6
2019,12,0-4,4608,4955,33
2019,12,5-14,8607,9132,53
2019,12,15-19,2623,2674,17
2019,12,20-24,2292,2275,16
2019,12,25-34,9996,9244,57
2019,12,35-44,11424,11442,59
2019,12,45-54,6538,7072,36
2019,12,55-64,4928,4620,17
2019,12,65-74,2857,2444,9
2019,12,75+,1189,953,5
2019,13,0-4,2690,2816,16
2019,13,5-14,5946,6443,37
2019,13,15-19,2627,2784,38
2019,13,20-24,2311,2662,19
2019,13,25-34,5553,5525,31
2019,13,35-44,7827,7289,37
2019,13,45-54,6888,6594,41
2019,13,55-64,6059,5707,44
2019,13,65-74,3948,3454,14
2019,13,75+,2128,1696,11
2019,14,0-4,2540,2588,21
2019,14,5-14,5809,6248,30
2019,14,15-19,2784,3114,17
2019,14,20-24,2413,2691,12
2019,14,25-34,5476,5315,36
2019,14,35-44,6903,6737,35
2019,14,45-54,6760,6489,37
2019,14,55-64,7007,6666,32
2019,14,65-74,4546,4219,23
2019,14,75+,2565,2061,9
